agency,baseline,latest,change,pct_change
OFC OF THE NAT CYBER DIR,35,0,-35,-100.0
OFC OF NAVAJO AND HOPI INDIAN RELOCATION,17,0,-17,-100.0
OFFICE OF PANDEMIC PREPAREDNESS,3,0,-3,-100.0
GOVERNMENT PRINTING OFFICE,1640,0,-1640,-100.0
INTEL PROPERTY ENFORC COORDINATOR,2,0,-2,-100.0
U.S. AGENCY FOR INTERNATIONAL DEV,4969,230,-4739,-95.4
FED MINE SAFETY AND HEALTH REVIEW CMSN,55,24,-31,-56.4
FED MEDIATION AND CONCILIATION SERVICE,207,95,-112,-54.1
NAT FOUNDATION ON ARTS AND HUMANITIES,470,220,-250,-53.2
SOUTHWEST BORDER REGIONAL COMMISSION,2,1,-1,-50.0
NUCLEAR WASTE TECHNICAL REVIEW BOARD,22,11,-11,-50.0
DELTA REGIONAL AUTHORITY,2,1,-1,-50.0
CORP FOR NATIONAL AND COMMUNITY SERVICE,714,373,-341,-47.8
INTER-AMERICAN FOUNDATION,40,21,-19,-47.5
DEPARTMENT OF EDUCATION,4111,2279,-1832,-44.6
NATIONAL SECURITY COUNCIL,49,28,-21,-42.9
SMALL BUSINESS ADMINISTRATION,8562,5082,-3480,-40.6
FEDERAL FINANCIAL INST. EXAM. COUNCIL,18,11,-7,-38.9
PEACE CORPS,987,604,-383,-38.8
FEDERAL RESERVE SYSTEM,1748,1069,-679,-38.8
GENERAL SERVICES ADMINISTRATION,13367,8238,-5129,-38.4
ADV COUNCIL ON HISTORIC PRESERVATION,56,36,-20,-35.7
FEDERAL LABOR RELATIONS AUTHORITY,118,76,-42,-35.6
NATIONAL SCIENCE FOUNDATION,1699,1103,-596,-35.1
OFFICE OF PERSONNEL MANAGEMENT,3055,1990,-1065,-34.9
AFRICAN DEVELOPMENT FOUNDATION,32,21,-11,-34.4
MILLENNIUM CHALLENGE CORPORATION,346,228,-118,-34.1
DEPARTMENT OF HOUSING AND URBAN DEVELOPM,8791,5851,-2940,-33.4
U.S. INTERAGENCY COUNCIL ON HOMELESSNESS,15,10,-5,-33.3
BARRY GOLDWATER SCHOL & EXCEL IN ED FOUN,3,2,-1,-33.3
COMMISSION OF FINE ARTS,12,8,-4,-33.3
NORTHERN BORDER REGIONAL COMMISSION,3,2,-1,-33.3
U.S.AGENCY FOR GLOBAL MEDIA,1186,799,-387,-32.6
PRIVACY AND CIVIL LIBERTIES OVERSIGHT,37,25,-12,-32.4
FEDERAL HOUSING FINANCE AGENCY,883,599,-284,-32.2
COUNCIL OF INSP. GEN. ON INTEG.& EFFIC.,34,24,-10,-29.4
DENALI COMMISSION,17,12,-5,-29.4
DEPARTMENT OF TREASURY,116709,83411,-33298,-28.5
MORRIS K. UDALL & STEWART L. UDALL FOUND,44,32,-12,-27.3
ENVIRONMENTAL PROTECTION AGENCY,16931,12455,-4476,-26.4
ELECTION ASSISTANCE COMMISSION,84,62,-22,-26.2
SELECTIVE SERVICE SYSTEM,163,122,-41,-25.2
JAPAN-UNITED STATES FRIENDSHIP CMSN,12,9,-3,-25.0
NATIONAL CREDIT UNION ADMINISTRATION,1226,922,-304,-24.8
PENSION BENEFIT GUARANTY CORPORATION,966,726,-240,-24.8
OFFICE OF MANAGEMENT AND BUDGET,678,512,-166,-24.5
DFC,717,545,-172,-24.0
COUNCIL ON ENVIR QUAL/OFC OF ENVIR QUAL,25,19,-6,-24.0
DEPARTMENT OF ENERGY,17592,13391,-4201,-23.9
FEDERAL DEPOSIT INSURANCE CORPORATION,6548,4989,-1559,-23.8
CMTE FOR PURCH FRM PPLE BLIND OR SEV DIS,43,33,-10,-23.3
DEPARTMENT OF LABOR,14237,11074,-3163,-22.2
DEPARTMENT OF HEALTH AND HUMAN SERVICES,93397,72896,-20501,-22.0
DEPARTMENT OF STATE,14478,11320,-3158,-21.8
INTERNATIONAL JOINT CMSN: U.S. & CANADA,19,15,-4,-21.1
FEDERAL COMMUNICATIONS COMMISSION,1488,1183,-305,-20.5
OFFICE OF GOVERNMENT ETHICS,75,60,-15,-20.0
FEDERAL TRADE COMMISSION,1278,1032,-246,-19.2
NAT ARCHIVES AND RECORDS ADMINISTRATION,2888,2342,-546,-18.9
SECURITIES AND EXCHANGE COMMISSION,4812,3911,-901,-18.7
TRADE AND DEVELOPMENT AGENCY,60,49,-11,-18.3
EQUAL EMPLOYMENT OPPORTUNITY COMMISSION,2075,1697,-378,-18.2
CONSUMER PRODUCT SAFETY COMMISSION,512,419,-93,-18.2
COMMISSION ON CIVIL RIGHTS,61,50,-11,-18.0
NAT AERONAUTICS AND SPACE ADMINISTRATION,18078,14835,-3243,-17.9
U.S. HOLOCAUST MEMORIAL MUSEUM,109,90,-19,-17.4
FEDERAL MARITIME COMMISSION,133,110,-23,-17.3
COMMODITY FUTURES TRADING COMMISSION,699,580,-119,-17.0
NATIONAL LABOR RELATIONS BOARD,1248,1038,-210,-16.8
APPALACHIAN REGIONAL COMMISSION,6,5,-1,-16.7
DEPARTMENT OF THE ARMY,221195,186285,-34910,-15.8
DEPARTMENT OF COMMERCE,48803,41199,-7604,-15.6
UTAH RECLAMATN MITIGATN & CONSERVTN CMSN,13,11,-2,-15.4
NUCLEAR REGULATORY COMMISSION,2926,2489,-437,-14.9
MERIT SYSTEMS PROTECTION BOARD,182,156,-26,-14.3
SOCIAL SECURITY ADMINISTRATION,57384,49450,-7934,-13.8
DEPARTMENT OF AGRICULTURE,90314,77996,-12318,-13.6
DEPARTMENT OF DEFENSE,158892,137592,-21300,-13.4
NATIONAL MEDIATION BOARD,38,33,-5,-13.2
GULF COAST ECOSYSTEM RESTORATION COUNCIL,23,20,-3,-13.0
RAILROAD RETIREMENT BOARD,781,681,-100,-12.8
DEPARTMENT OF THE AIR FORCE,173193,151165,-22028,-12.7
INTER BOUND AND WATER COMM U.S. SECTION,279,244,-35,-12.5
ARMED FORCES RETIREMENT HOME,320,280,-40,-12.5
EXPORT-IMPORT BANK OF THE UNITED STATES,390,345,-45,-11.5
SURFACE TRANSPORTATION BOARD,124,110,-14,-11.3
DEFENSE NUCLEAR FACILITIES SAFETY BOARD,115,102,-13,-11.3
FEDERAL ELECTION COMMISSION,287,255,-32,-11.1
OCCUPATIONAL SAFETY & HEALTH REVIEW CMSN,48,43,-5,-10.4
COURT SERVICES AND OFFENDR SUPERVSN AGY,1035,936,-99,-9.6
DEPARTMENT OF THE NAVY,221292,200903,-20389,-9.2
ADMIN CONFERENCE OF THE UNITED STATES,11,10,-1,-9.1
CHEMICAL SAFETY/HAZARD INVESTIGATION BD,47,43,-4,-8.5
CIVIL RIGHTS COLD CASE REVIEW BOARD,12,11,-1,-8.3
ARCHITECTL & TRANS BARRIER COMPLIANCE BD,36,33,-3,-8.3
U.S. INTERNATIONAL TRADE COMMISSION,444,408,-36,-8.1
SMITHSONIAN INSTITUTION,4450,4096,-354,-8.0
DEPARTMENT OF JUSTICE,116718,107331,-9387,-8.0
DEPARTMENT OF TRANSPORTATION,57423,52914,-4509,-7.9
DEPARTMENT OF VETERANS AFFAIRS,479003,446459,-32544,-6.8
DEPARTMENT OF INTERIOR,63774,59933,-3841,-6.0
NATIONAL TRANSPORTATION SAFETY BOARD,435,410,-25,-5.7
FEDERAL PERMITTING IMPROVEMENT STEER,20,19,-1,-5.0
PRESIDIO TRUST,337,324,-13,-3.9
FARM CREDIT ADMINISTRATION,329,317,-12,-3.6
FED RETIREMENT THRIFT INVESTMENT BOARD,239,232,-7,-2.9
NATIONAL CAPITAL PLANNING COMMISSION,35,34,-1,-2.9
DEPARTMENT OF HOMELAND SECURITY,231795,225490,-6305,-2.7
OFFICE OF SPECIAL COUNSEL,126,124,-2,-1.6
AMERICAN BATTLE MONUMENTS COMMISSION,78,77,-1,-1.3
JAMES MADISON MEMORIAL FELLOWSHIP FOUND,5,5,0,0.0
PUBLIC BUILDINGS REFORM BOARD,7,7,0,0.0
THE US SEMIQUINCENTENNIAL COMMISSION,8,8,0,0.0
OFFICE OF THE U.S. TRADE REPRESENTATIVE,221,221,0,0.0
FARM CREDIT SYSTEM INSURANCE CORPORATION,10,10,0,0.0
NAT CMSN ON LIBRARIES AND INFO SCIENCE,17,17,0,0.0
CMSN FOR PRES OF AMERICA'S HERITAGE ABRD,18,18,0,0.0
ARCTIC RESEARCH COMMISSION,2,2,0,0.0
OFFICE OF ADMINISTRATION,252,258,6,2.4
JUDICIAL BRANCH,162,168,6,3.7
MARINE MAMMAL COMMISSION,23,24,1,4.3
NATIONAL COUNCIL ON DISABILITY,18,19,1,5.6
MEDICAID & CHIP PAYMENT & ACCESS COMM,46,50,4,8.7
OFFICE OF NATIONAL DRUG CONTROL POLICY,56,62,6,10.7
U.S.-CHINA ECONOMIC & SECURITY REV CMSN,25,30,5,20.0
OFFICE OF SCIENCE AND TECHNOLOGY POLICY,19,23,4,21.1
HARRY S. TRUMAN SCHOLARSHIP FOUNDATION,4,5,1,25.0
U.S. CMSN ON INTERNATL RELIGIOUS FREEDOM,20,28,8,40.0
COUNCIL OF ECONOMIC ADVISERS,16,23,7,43.8
PUBLIC INTEREST DECLASSIFICATION BOARD,5,9,4,80.0
INTERNAT BOUNDARY CMSN: U.S. AND CANADA,7,22,15,214.3
GOVERNMENT PUBLISHING OFFICE,0,1625,1625,inf
OFC OF THE NAT CYBER DIRECTOR,0,29,29,inf
