agency,baseline,buyout,pct_of_baseline
GENERAL SERVICES ADMINISTRATION,13367,4245,31.8
MILLENNIUM CHALLENGE CORPORATION,346,107,30.9
CORP FOR NATIONAL AND COMMUNITY SERVICE,714,211,29.6
DEPARTMENT OF HOUSING AND URBAN DEVELOPM,8791,2303,26.2
PEACE CORPS,987,240,24.3
OFFICE OF PERSONNEL MANAGEMENT,3055,739,24.2
COUNCIL ON ENVIR QUAL/OFC OF ENVIR QUAL,25,6,24.0
NATIONAL CREDIT UNION ADMINISTRATION,1226,263,21.5
DEPARTMENT OF TREASURY,116709,23264,19.9
NATIONAL SCIENCE FOUNDATION,1699,332,19.5
SMALL BUSINESS ADMINISTRATION,8562,1612,18.8
NAT AERONAUTICS AND SPACE ADMINISTRATION,18078,3406,18.8
CMTE FOR PURCH FRM PPLE BLIND OR SEV DIS,43,8,18.6
DENALI COMMISSION,17,3,17.6
DEPARTMENT OF AGRICULTURE,90314,14616,16.2
ENVIRONMENTAL PROTECTION AGENCY,16931,2632,15.5
DFC,717,110,15.3
FEDERAL PERMITTING IMPROVEMENT STEER,20,3,15.0
PENSION BENEFIT GUARANTY CORPORATION,966,140,14.5
FED MEDIATION AND CONCILIATION SERVICE,207,29,14.0
DEPARTMENT OF LABOR,14237,1953,13.7
NAT FOUNDATION ON ARTS AND HUMANITIES,470,64,13.6
PRIVACY AND CIVIL LIBERTIES OVERSIGHT,37,5,13.5
ADV COUNCIL ON HISTORIC PRESERVATION,56,7,12.5
OFC OF THE NAT CYBER DIR,35,4,11.4
DEPARTMENT OF ENERGY,17592,1870,10.6
INTER-AMERICAN FOUNDATION,40,4,10.0
DEPARTMENT OF INTERIOR,63774,6388,10.0
AFRICAN DEVELOPMENT FOUNDATION,32,3,9.4
U.S. HOLOCAUST MEMORIAL MUSEUM,109,10,9.2
MORRIS K. UDALL & STEWART L. UDALL FOUND,44,4,9.1
OFFICE OF NATIONAL DRUG CONTROL POLICY,56,5,8.9
CIVIL RIGHTS COLD CASE REVIEW BOARD,12,1,8.3
ELECTION ASSISTANCE COMMISSION,84,7,8.3
FEDERAL TRADE COMMISSION,1278,101,7.9
COMMODITY FUTURES TRADING COMMISSION,699,54,7.7
SURFACE TRANSPORTATION BOARD,124,9,7.3
FEDERAL DEPOSIT INSURANCE CORPORATION,6548,469,7.2
DEPARTMENT OF TRANSPORTATION,57423,4075,7.1
DEPARTMENT OF THE NAVY,221292,15542,7.0
DEPARTMENT OF THE ARMY,221195,15577,7.0
OFFICE OF SPECIAL COUNSEL,126,8,6.3
COUNCIL OF ECONOMIC ADVISERS,16,1,6.2
DEPARTMENT OF THE AIR FORCE,173193,10818,6.2
FEDERAL HOUSING FINANCE AGENCY,883,52,5.9
FARM CREDIT ADMINISTRATION,329,19,5.8
SELECTIVE SERVICE SYSTEM,163,9,5.5
DEPARTMENT OF EDUCATION,4111,225,5.5
OFFICE OF SCIENCE AND TECHNOLOGY POLICY,19,1,5.3
EQUAL EMPLOYMENT OPPORTUNITY COMMISSION,2075,111,5.3
FEDERAL MARITIME COMMISSION,133,7,5.3
NAT ARCHIVES AND RECORDS ADMINISTRATION,2888,150,5.2
OFFICE OF ADMINISTRATION,252,13,5.2
EXPORT-IMPORT BANK OF THE UNITED STATES,390,20,5.1
ARMED FORCES RETIREMENT HOME,320,16,5.0
CONSUMER PRODUCT SAFETY COMMISSION,512,25,4.9
U.S. AGENCY FOR INTERNATIONAL DEV,4969,234,4.7
INTER BOUND AND WATER COMM U.S. SECTION,279,12,4.3
CHEMICAL SAFETY/HAZARD INVESTIGATION BD,47,2,4.3
DEPARTMENT OF DEFENSE,158892,6745,4.2
U.S.AGENCY FOR GLOBAL MEDIA,1186,49,4.1
OFFICE OF GOVERNMENT ETHICS,75,3,4.0
NUCLEAR REGULATORY COMMISSION,2926,117,4.0
FEDERAL RESERVE SYSTEM,1748,68,3.9
DEPARTMENT OF STATE,14478,517,3.6
SECURITIES AND EXCHANGE COMMISSION,4812,169,3.5
DEPARTMENT OF COMMERCE,48803,1567,3.2
ARCHITECTL & TRANS BARRIER COMPLIANCE BD,36,1,2.8
COURT SERVICES AND OFFENDR SUPERVSN AGY,1035,28,2.7
DEPARTMENT OF JUSTICE,116718,3030,2.6
FEDERAL LABOR RELATIONS AUTHORITY,118,3,2.5
OFFICE OF THE U.S. TRADE REPRESENTATIVE,221,5,2.3
DEPARTMENT OF HOMELAND SECURITY,231795,5077,2.2
MERIT SYSTEMS PROTECTION BOARD,182,4,2.2
MEDICAID & CHIP PAYMENT & ACCESS COMM,46,1,2.2
U.S. INTERNATIONAL TRADE COMMISSION,444,9,2.0
NATIONAL SECURITY COUNCIL,49,1,2.0
FED MINE SAFETY AND HEALTH REVIEW CMSN,55,1,1.8
DEPARTMENT OF VETERANS AFFAIRS,479003,8590,1.8
TRADE AND DEVELOPMENT AGENCY,60,1,1.7
RAILROAD RETIREMENT BOARD,781,13,1.7
DEPARTMENT OF HEALTH AND HUMAN SERVICES,93397,1470,1.6
FEDERAL COMMUNICATIONS COMMISSION,1488,24,1.6
SOCIAL SECURITY ADMINISTRATION,57384,807,1.4
OFFICE OF MANAGEMENT AND BUDGET,678,9,1.3
AMERICAN BATTLE MONUMENTS COMMISSION,78,1,1.3
NATIONAL LABOR RELATIONS BOARD,1248,15,1.2
FEDERAL ELECTION COMMISSION,287,3,1.0
DEFENSE NUCLEAR FACILITIES SAFETY BOARD,115,1,0.9
SMITHSONIAN INSTITUTION,4450,8,0.2
COMMISSION OF FINE ARTS,12,0,0.0
UTAH RECLAMATN MITIGATN & CONSERVTN CMSN,13,0,0.0
THE US SEMIQUINCENTENNIAL COMMISSION,8,0,0.0
JAPAN-UNITED STATES FRIENDSHIP CMSN,12,0,0.0
ADMIN CONFERENCE OF THE UNITED STATES,11,0,0.0
U.S. INTERAGENCY COUNCIL ON HOMELESSNESS,15,0,0.0
FARM CREDIT SYSTEM INSURANCE CORPORATION,10,0,0.0
APPALACHIAN REGIONAL COMMISSION,6,0,0.0
PUBLIC BUILDINGS REFORM BOARD,7,0,0.0
INTERNAT BOUNDARY CMSN: U.S. AND CANADA,7,0,0.0
ARCTIC RESEARCH COMMISSION,2,0,0.0
BARRY GOLDWATER SCHOL & EXCEL IN ED FOUN,3,0,0.0
JAMES MADISON MEMORIAL FELLOWSHIP FOUND,5,0,0.0
PUBLIC INTEREST DECLASSIFICATION BOARD,5,0,0.0
HARRY S. TRUMAN SCHOLARSHIP FOUNDATION,4,0,0.0
INTEL PROPERTY ENFORC COORDINATOR,2,0,0.0
NORTHERN BORDER REGIONAL COMMISSION,3,0,0.0
OFFICE OF PANDEMIC PREPAREDNESS,3,0,0.0
SOUTHWEST BORDER REGIONAL COMMISSION,2,0,0.0
JUDICIAL BRANCH,162,0,0.0
OFC OF NAVAJO AND HOPI INDIAN RELOCATION,17,0,0.0
COUNCIL OF INSP. GEN. ON INTEG.& EFFIC.,34,0,0.0
GOVERNMENT PRINTING OFFICE,1640,0,0.0
NATIONAL TRANSPORTATION SAFETY BOARD,435,0,0.0
PRESIDIO TRUST,337,0,0.0
FED RETIREMENT THRIFT INVESTMENT BOARD,239,0,0.0
COMMISSION ON CIVIL RIGHTS,61,0,0.0
OCCUPATIONAL SAFETY & HEALTH REVIEW CMSN,48,0,0.0
NATIONAL MEDIATION BOARD,38,0,0.0
NATIONAL CAPITAL PLANNING COMMISSION,35,0,0.0
U.S.-CHINA ECONOMIC & SECURITY REV CMSN,25,0,0.0
NAT CMSN ON LIBRARIES AND INFO SCIENCE,17,0,0.0
MARINE MAMMAL COMMISSION,23,0,0.0
GULF COAST ECOSYSTEM RESTORATION COUNCIL,23,0,0.0
NUCLEAR WASTE TECHNICAL REVIEW BOARD,22,0,0.0
U.S. CMSN ON INTERNATL RELIGIOUS FREEDOM,20,0,0.0
INTERNATIONAL JOINT CMSN: U.S. & CANADA,19,0,0.0
NATIONAL COUNCIL ON DISABILITY,18,0,0.0
FEDERAL FINANCIAL INST. EXAM. COUNCIL,18,0,0.0
CMSN FOR PRES OF AMERICA'S HERITAGE ABRD,18,0,0.0
DELTA REGIONAL AUTHORITY,2,0,0.0
